{
  "create token" : {
    "transaction" : "create token",
    "sampleCount" : 1000,
    "errorCount" : 0,
    "errorPct" : 0.0,
    "meanResTime" : 14359.987000000005,
    "medianResTime" : 12674.5,
    "minResTime" : 2024.0,
    "maxResTime" : 51033.0,
    "pct1ResTime" : 26504.8,
    "pct2ResTime" : 27609.499999999996,
    "pct3ResTime" : 29713.72,
    "throughput" : 19.594396002743217,
    "receivedKBytesPerSec" : 14.911182276868816,
    "sentKBytesPerSec" : 4.879463848339375
  },
  "create booking" : {
    "transaction" : "create booking",
    "sampleCount" : 1000,
    "errorCount" : 0,
    "errorPct" : 0.0,
    "meanResTime" : 427.55899999999974,
    "medianResTime" : 319.0,
    "minResTime" : 295.0,
    "maxResTime" : 4679.0,
    "pct1ResTime" : 408.9,
    "pct2ResTime" : 1278.1499999999987,
    "pct3ResTime" : 2344.95,
    "throughput" : 20.616006267265906,
    "receivedKBytesPerSec" : 19.118366155733312,
    "sentKBytesPerSec" : 9.10003401641034
  },
  "update booking" : {
    "transaction" : "update booking",
    "sampleCount" : 1000,
    "errorCount" : 0,
    "errorPct" : 0.0,
    "meanResTime" : 444.25299999999964,
    "medianResTime" : 325.0,
    "minResTime" : 297.0,
    "maxResTime" : 2615.0,
    "pct1ResTime" : 429.9,
    "pct2ResTime" : 1397.6499999999996,
    "pct3ResTime" : 2449.9700000000003,
    "throughput" : 20.60666007253544,
    "receivedKBytesPerSec" : 18.56482984050445,
    "sentKBytesPerSec" : 9.357516536844708
  },
  "Total" : {
    "transaction" : "Total",
    "sampleCount" : 4000,
    "errorCount" : 0,
    "errorPct" : 0.0,
    "meanResTime" : 3917.1584999999986,
    "medianResTime" : 347.0,
    "minResTime" : 295.0,
    "maxResTime" : 51033.0,
    "pct1ResTime" : 14318.500000000002,
    "pct2ResTime" : 24222.999999999978,
    "pct3ResTime" : 27826.92,
    "throughput" : 76.88315682241912,
    "receivedKBytesPerSec" : 67.03798328271859,
    "sentKBytesPerSec" : 25.508840361735253
  },
  "get booking" : {
    "transaction" : "get booking",
    "sampleCount" : 1000,
    "errorCount" : 0,
    "errorPct" : 0.0,
    "meanResTime" : 436.83500000000066,
    "medianResTime" : 322.0,
    "minResTime" : 296.0,
    "maxResTime" : 3806.0,
    "pct1ResTime" : 411.0,
    "pct2ResTime" : 1362.0,
    "pct3ResTime" : 2291.8900000000003,
    "throughput" : 20.61260667023952,
    "receivedKBytesPerSec" : 18.52091020117904,
    "sentKBytesPerSec" : 3.7642162571628806
  }
}