{
  "create token" : {
    "transaction" : "create token",
    "sampleCount" : 195,
    "errorCount" : 0,
    "errorPct" : 0.0,
    "meanResTime" : 3161.707692307694,
    "medianResTime" : 3393.0,
    "minResTime" : 1274.0,
    "maxResTime" : 6357.0,
    "pct1ResTime" : 4116.6,
    "pct2ResTime" : 5947.799999999999,
    "pct3ResTime" : 6339.72,
    "throughput" : 29.213483146067418,
    "receivedKBytesPerSec" : 22.246020599250937,
    "sentKBytesPerSec" : 7.274841994382022
  },
  "create booking" : {
    "transaction" : "create booking",
    "sampleCount" : 195,
    "errorCount" : 0,
    "errorPct" : 0.0,
    "meanResTime" : 312.57948717948733,
    "medianResTime" : 312.0,
    "minResTime" : 297.0,
    "maxResTime" : 344.0,
    "pct1ResTime" : 321.4,
    "pct2ResTime" : 324.59999999999997,
    "pct3ResTime" : 342.08,
    "throughput" : 38.57566765578635,
    "receivedKBytesPerSec" : 35.64250278189911,
    "sentKBytesPerSec" : 17.027540801186944
  },
  "update booking" : {
    "transaction" : "update booking",
    "sampleCount" : 195,
    "errorCount" : 0,
    "errorPct" : 0.0,
    "meanResTime" : 317.89743589743574,
    "medianResTime" : 316.0,
    "minResTime" : 298.0,
    "maxResTime" : 388.0,
    "pct1ResTime" : 331.0,
    "pct2ResTime" : 336.0,
    "pct3ResTime" : 387.03999999999996,
    "throughput" : 38.28032979976443,
    "receivedKBytesPerSec" : 34.38462376079701,
    "sentKBytesPerSec" : 17.383157575088337
  },
  "Total" : {
    "transaction" : "Total",
    "sampleCount" : 780,
    "errorCount" : 0,
    "errorPct" : 0.0,
    "meanResTime" : 1026.6730769230771,
    "medianResTime" : 318.0,
    "minResTime" : 297.0,
    "maxResTime" : 6357.0,
    "pct1ResTime" : 3662.5999999999995,
    "pct2ResTime" : 3976.6499999999996,
    "pct3ResTime" : 6009.549999999991,
    "throughput" : 102.16110019646365,
    "receivedKBytesPerSec" : 88.8637340373281,
    "sentKBytesPerSec" : 33.89573612475442
  },
  "get booking" : {
    "transaction" : "get booking",
    "sampleCount" : 195,
    "errorCount" : 0,
    "errorPct" : 0.0,
    "meanResTime" : 314.5076923076923,
    "medianResTime" : 312.0,
    "minResTime" : 298.0,
    "maxResTime" : 376.0,
    "pct1ResTime" : 324.0,
    "pct2ResTime" : 326.0,
    "pct3ResTime" : 364.4799999999999,
    "throughput" : 38.43121797398502,
    "receivedKBytesPerSec" : 34.42142232459598,
    "sentKBytesPerSec" : 7.018200938608593
  }
}