{
  "create token" : {
    "transaction" : "create token",
    "sampleCount" : 200,
    "errorCount" : 0,
    "errorPct" : 0.0,
    "meanResTime" : 3947.059999999999,
    "medianResTime" : 3853.0,
    "minResTime" : 1390.0,
    "maxResTime" : 6615.0,
    "pct1ResTime" : 6069.6,
    "pct2ResTime" : 6152.95,
    "pct3ResTime" : 6448.460000000001,
    "throughput" : 28.70264064293915,
    "receivedKBytesPerSec" : 21.740568491676235,
    "sentKBytesPerSec" : 7.147630238231917
  },
  "create booking" : {
    "transaction" : "create booking",
    "sampleCount" : 200,
    "errorCount" : 0,
    "errorPct" : 0.0,
    "meanResTime" : 297.3449999999998,
    "medianResTime" : 291.0,
    "minResTime" : 268.0,
    "maxResTime" : 403.0,
    "pct1ResTime" : 324.5,
    "pct2ResTime" : 347.9,
    "pct3ResTime" : 380.99,
    "throughput" : 40.19292604501608,
    "receivedKBytesPerSec" : 37.147840886254016,
    "sentKBytesPerSec" : 17.741408762057876
  },
  "update booking" : {
    "transaction" : "update booking",
    "sampleCount" : 200,
    "errorCount" : 0,
    "errorPct" : 0.0,
    "meanResTime" : 336.42999999999995,
    "medianResTime" : 306.5,
    "minResTime" : 270.0,
    "maxResTime" : 959.0,
    "pct1ResTime" : 395.0,
    "pct2ResTime" : 398.9,
    "pct3ResTime" : 949.9200000000001,
    "throughput" : 40.18485031143259,
    "receivedKBytesPerSec" : 36.210317460317455,
    "sentKBytesPerSec" : 18.24800331525015
  },
  "Total" : {
    "transaction" : "Total",
    "sampleCount" : 800,
    "errorCount" : 0,
    "errorPct" : 0.0,
    "meanResTime" : 1221.9175000000016,
    "medianResTime" : 307.0,
    "minResTime" : 268.0,
    "maxResTime" : 6615.0,
    "pct1ResTime" : 4058.9,
    "pct2ResTime" : 5687.149999999998,
    "pct3ResTime" : 6165.9,
    "throughput" : 102.56410256410255,
    "receivedKBytesPerSec" : 89.19471153846155,
    "sentKBytesPerSec" : 34.02944711538461
  },
  "get booking" : {
    "transaction" : "get booking",
    "sampleCount" : 200,
    "errorCount" : 0,
    "errorPct" : 0.0,
    "meanResTime" : 306.83500000000004,
    "medianResTime" : 296.0,
    "minResTime" : 269.0,
    "maxResTime" : 401.0,
    "pct1ResTime" : 376.9,
    "pct2ResTime" : 384.95,
    "pct3ResTime" : 399.97,
    "throughput" : 40.25764895330113,
    "receivedKBytesPerSec" : 36.063619665861516,
    "sentKBytesPerSec" : 7.3517386272141705
  }
}