{
  "create token" : {
    "transaction" : "create token",
    "sampleCount" : 180,
    "errorCount" : 0,
    "errorPct" : 0.0,
    "meanResTime" : 2650.3222222222207,
    "medianResTime" : 2938.0,
    "minResTime" : 1135.0,
    "maxResTime" : 5525.0,
    "pct1ResTime" : 3705.7,
    "pct2ResTime" : 3837.8,
    "pct3ResTime" : 5266.61,
    "throughput" : 30.560271646859082,
    "receivedKBytesPerSec" : 23.320776740237694,
    "sentKBytesPerSec" : 7.610223896434635
  },
  "create booking" : {
    "transaction" : "create booking",
    "sampleCount" : 180,
    "errorCount" : 0,
    "errorPct" : 0.0,
    "meanResTime" : 278.1166666666668,
    "medianResTime" : 278.0,
    "minResTime" : 267.0,
    "maxResTime" : 320.0,
    "pct1ResTime" : 285.0,
    "pct2ResTime" : 288.84999999999997,
    "pct3ResTime" : 305.41999999999996,
    "throughput" : 42.48288883644088,
    "receivedKBytesPerSec" : 39.54190759971678,
    "sentKBytesPerSec" : 18.75221265046023
  },
  "update booking" : {
    "transaction" : "update booking",
    "sampleCount" : 180,
    "errorCount" : 0,
    "errorPct" : 0.0,
    "meanResTime" : 283.74444444444447,
    "medianResTime" : 283.0,
    "minResTime" : 268.0,
    "maxResTime" : 309.0,
    "pct1ResTime" : 296.9,
    "pct2ResTime" : 303.9,
    "pct3ResTime" : 307.38,
    "throughput" : 42.10526315789473,
    "receivedKBytesPerSec" : 38.20084064327485,
    "sentKBytesPerSec" : 19.12006578947368
  },
  "Total" : {
    "transaction" : "Total",
    "sampleCount" : 720,
    "errorCount" : 0,
    "errorPct" : 0.0,
    "meanResTime" : 873.1388888888877,
    "medianResTime" : 282.0,
    "minResTime" : 267.0,
    "maxResTime" : 5525.0,
    "pct1ResTime" : 3070.0,
    "pct2ResTime" : 3363.2999999999975,
    "pct3ResTime" : 3847.79,
    "throughput" : 106.61928031985785,
    "receivedKBytesPerSec" : 93.43763882718791,
    "sentKBytesPerSec" : 35.37490282096846
  },
  "get booking" : {
    "transaction" : "get booking",
    "sampleCount" : 180,
    "errorCount" : 0,
    "errorPct" : 0.0,
    "meanResTime" : 280.3722222222224,
    "medianResTime" : 278.0,
    "minResTime" : 267.0,
    "maxResTime" : 349.0,
    "pct1ResTime" : 289.0,
    "pct2ResTime" : 298.69999999999993,
    "pct3ResTime" : 344.95,
    "throughput" : 42.35294117647059,
    "receivedKBytesPerSec" : 38.30055147058823,
    "sentKBytesPerSec" : 7.734375
  }
}