{
  "create token" : {
    "transaction" : "create token",
    "sampleCount" : 300,
    "errorCount" : 0,
    "errorPct" : 0.0,
    "meanResTime" : 4490.983333333333,
    "medianResTime" : 4364.0,
    "minResTime" : 1326.0,
    "maxResTime" : 7098.0,
    "pct1ResTime" : 6739.9,
    "pct2ResTime" : 6985.75,
    "pct3ResTime" : 7088.8,
    "throughput" : 42.25352112676056,
    "receivedKBytesPerSec" : 31.979533450704228,
    "sentKBytesPerSec" : 10.52211707746479
  },
  "create booking" : {
    "transaction" : "create booking",
    "sampleCount" : 300,
    "errorCount" : 0,
    "errorPct" : 0.0,
    "meanResTime" : 332.49666666666667,
    "medianResTime" : 320.0,
    "minResTime" : 297.0,
    "maxResTime" : 1166.0,
    "pct1ResTime" : 363.0,
    "pct2ResTime" : 379.84999999999997,
    "pct3ResTime" : 402.0,
    "throughput" : 55.72065378900446,
    "receivedKBytesPerSec" : 51.49879852340267,
    "sentKBytesPerSec" : 24.595444836552748
  },
  "update booking" : {
    "transaction" : "update booking",
    "sampleCount" : 300,
    "errorCount" : 0,
    "errorPct" : 0.0,
    "meanResTime" : 359.0000000000002,
    "medianResTime" : 345.0,
    "minResTime" : 301.0,
    "maxResTime" : 597.0,
    "pct1ResTime" : 424.90000000000003,
    "pct2ResTime" : 504.54999999999967,
    "pct3ResTime" : 552.99,
    "throughput" : 53.371286247998576,
    "receivedKBytesPerSec" : 47.936866215975805,
    "sentKBytesPerSec" : 24.235984477850913
  },
  "Total" : {
    "transaction" : "Total",
    "sampleCount" : 1200,
    "errorCount" : 0,
    "errorPct" : 0.0,
    "meanResTime" : 1380.9283333333315,
    "medianResTime" : 342.0,
    "minResTime" : 296.0,
    "maxResTime" : 7098.0,
    "pct1ResTime" : 4564.5,
    "pct2ResTime" : 6272.050000000002,
    "pct3ResTime" : 6996.91,
    "throughput" : 143.81591562799616,
    "receivedKBytesPerSec" : 124.93211813878237,
    "sentKBytesPerSec" : 47.71626692833174
  },
  "get booking" : {
    "transaction" : "get booking",
    "sampleCount" : 300,
    "errorCount" : 0,
    "errorPct" : 0.0,
    "meanResTime" : 341.23333333333335,
    "medianResTime" : 323.0,
    "minResTime" : 296.0,
    "maxResTime" : 1155.0,
    "pct1ResTime" : 379.30000000000024,
    "pct2ResTime" : 398.9,
    "pct3ResTime" : 1069.99,
    "throughput" : 55.46311702717693,
    "receivedKBytesPerSec" : 49.66837677944167,
    "sentKBytesPerSec" : 10.128518441486412
  }
}