{
  "create token" : {
    "transaction" : "create token",
    "sampleCount" : 150,
    "errorCount" : 0,
    "errorPct" : 0.0,
    "meanResTime" : 3602.7533333333304,
    "medianResTime" : 3520.0,
    "minResTime" : 1989.0,
    "maxResTime" : 6119.0,
    "pct1ResTime" : 4425.0,
    "pct2ResTime" : 4791.449999999996,
    "pct3ResTime" : 6117.47,
    "throughput" : 24.501796798431887,
    "receivedKBytesPerSec" : 18.595842861809867,
    "sentKBytesPerSec" : 6.101521663672003
  },
  "create booking" : {
    "transaction" : "create booking",
    "sampleCount" : 150,
    "errorCount" : 0,
    "errorPct" : 0.0,
    "meanResTime" : 276.32666666666654,
    "medianResTime" : 274.0,
    "minResTime" : 261.0,
    "maxResTime" : 307.0,
    "pct1ResTime" : 288.9,
    "pct2ResTime" : 297.34999999999997,
    "pct3ResTime" : 307.0,
    "throughput" : 37.304153195722456,
    "receivedKBytesPerSec" : 34.491284040039794,
    "sentKBytesPerSec" : 16.466286371549366
  },
  "update booking" : {
    "transaction" : "update booking",
    "sampleCount" : 150,
    "errorCount" : 0,
    "errorPct" : 0.0,
    "meanResTime" : 279.38000000000005,
    "medianResTime" : 277.5,
    "minResTime" : 259.0,
    "maxResTime" : 369.0,
    "pct1ResTime" : 293.0,
    "pct2ResTime" : 305.45,
    "pct3ResTime" : 368.49,
    "throughput" : 37.52814610958219,
    "receivedKBytesPerSec" : 33.66734034901176,
    "sentKBytesPerSec" : 17.041589786089567
  },
  "Total" : {
    "transaction" : "Total",
    "sampleCount" : 600,
    "errorCount" : 0,
    "errorPct" : 0.0,
    "meanResTime" : 1110.1733333333343,
    "medianResTime" : 279.0,
    "minResTime" : 259.0,
    "maxResTime" : 6119.0,
    "pct1ResTime" : 3801.8999999999996,
    "pct2ResTime" : 4064.95,
    "pct3ResTime" : 5187.670000000002,
    "throughput" : 85.17887563884156,
    "receivedKBytesPerSec" : 74.03852125922772,
    "sentKBytesPerSec" : 28.26125292802385
  },
  "get booking" : {
    "transaction" : "get booking",
    "sampleCount" : 150,
    "errorCount" : 0,
    "errorPct" : 0.0,
    "meanResTime" : 282.23333333333346,
    "medianResTime" : 274.0,
    "minResTime" : 259.0,
    "maxResTime" : 969.0,
    "pct1ResTime" : 290.0,
    "pct2ResTime" : 305.0,
    "pct3ResTime" : 655.3500000000056,
    "throughput" : 37.110341415141015,
    "receivedKBytesPerSec" : 33.257244247897084,
    "sentKBytesPerSec" : 6.776986176397823
  }
}