{
  "create token" : {
    "transaction" : "create token",
    "sampleCount" : 1,
    "errorCount" : 0,
    "errorPct" : 0.0,
    "meanResTime" : 2247.0,
    "medianResTime" : 2247.0,
    "minResTime" : 2247.0,
    "maxResTime" : 2247.0,
    "pct1ResTime" : 2247.0,
    "pct2ResTime" : 2247.0,
    "pct3ResTime" : 2247.0,
    "throughput" : 0.4450378282153983,
    "receivedKBytesPerSec" : 0.33551680017801516,
    "sentKBytesPerSec" : 0.11082484979973298
  },
  "create booking" : {
    "transaction" : "create booking",
    "sampleCount" : 1,
    "errorCount" : 0,
    "errorPct" : 0.0,
    "meanResTime" : 399.0,
    "medianResTime" : 399.0,
    "minResTime" : 399.0,
    "maxResTime" : 399.0,
    "pct1ResTime" : 399.0,
    "pct2ResTime" : 399.0,
    "pct3ResTime" : 399.0,
    "throughput" : 2.506265664160401,
    "receivedKBytesPerSec" : 2.308016134085213,
    "sentKBytesPerSec" : 1.106281328320802
  },
  "update booking" : {
    "transaction" : "update booking",
    "sampleCount" : 1,
    "errorCount" : 0,
    "errorPct" : 0.0,
    "meanResTime" : 407.0,
    "medianResTime" : 407.0,
    "minResTime" : 407.0,
    "maxResTime" : 407.0,
    "pct1ResTime" : 407.0,
    "pct2ResTime" : 407.0,
    "pct3ResTime" : 407.0,
    "throughput" : 2.457002457002457,
    "receivedKBytesPerSec" : 2.2002648955773956,
    "sentKBytesPerSec" : 1.115728654791155
  },
  "Total" : {
    "transaction" : "Total",
    "sampleCount" : 4,
    "errorCount" : 0,
    "errorPct" : 0.0,
    "meanResTime" : 863.5,
    "medianResTime" : 404.0,
    "minResTime" : 399.0,
    "maxResTime" : 2247.0,
    "pct1ResTime" : 2247.0,
    "pct2ResTime" : 2247.0,
    "pct3ResTime" : 2247.0,
    "throughput" : 1.1289867344058708,
    "receivedKBytesPerSec" : 0.9773893945808636,
    "sentKBytesPerSec" : 0.3745832451312447
  },
  "get booking" : {
    "transaction" : "get booking",
    "sampleCount" : 1,
    "errorCount" : 0,
    "errorPct" : 0.0,
    "meanResTime" : 401.0,
    "medianResTime" : 401.0,
    "minResTime" : 401.0,
    "maxResTime" : 401.0,
    "pct1ResTime" : 401.0,
    "pct2ResTime" : 401.0,
    "pct3ResTime" : 401.0,
    "throughput" : 2.493765586034913,
    "receivedKBytesPerSec" : 2.2258806109725686,
    "sentKBytesPerSec" : 0.455404457605985
  }
}