{
  "create token" : {
    "transaction" : "create token",
    "sampleCount" : 2000,
    "errorCount" : 0,
    "errorPct" : 0.0,
    "meanResTime" : 13328.866500000015,
    "medianResTime" : 13234.0,
    "minResTime" : 4347.0,
    "maxResTime" : 34056.0,
    "pct1ResTime" : 18090.800000000003,
    "pct2ResTime" : 19557.5,
    "pct3ResTime" : 30423.98,
    "throughput" : 56.64759530957911,
    "receivedKBytesPerSec" : 43.09996884382258,
    "sentKBytesPerSec" : 14.106578910100268
  },
  "create booking" : {
    "transaction" : "create booking",
    "sampleCount" : 2000,
    "errorCount" : 0,
    "errorPct" : 0.0,
    "meanResTime" : 499.6114999999998,
    "medianResTime" : 328.0,
    "minResTime" : 266.0,
    "maxResTime" : 5909.0,
    "pct1ResTime" : 1114.6000000000004,
    "pct2ResTime" : 1517.8999999999996,
    "pct3ResTime" : 3002.78,
    "throughput" : 67.01514542286557,
    "receivedKBytesPerSec" : 62.134361701682074,
    "sentKBytesPerSec" : 29.580904034311754
  },
  "update booking" : {
    "transaction" : "update booking",
    "sampleCount" : 2000,
    "errorCount" : 0,
    "errorPct" : 0.0,
    "meanResTime" : 416.6589999999993,
    "medianResTime" : 333.0,
    "minResTime" : 269.0,
    "maxResTime" : 8996.0,
    "pct1ResTime" : 504.8000000000002,
    "pct2ResTime" : 1144.149999999997,
    "pct3ResTime" : 1802.0,
    "throughput" : 66.01531555320834,
    "receivedKBytesPerSec" : 59.55226143715342,
    "sentKBytesPerSec" : 29.94497262427383
  },
  "Total" : {
    "transaction" : "Total",
    "sampleCount" : 8000,
    "errorCount" : 0,
    "errorPct" : 0.0,
    "meanResTime" : 3676.060375000009,
    "medianResTime" : 351.0,
    "minResTime" : 266.0,
    "maxResTime" : 34056.0,
    "pct1ResTime" : 14746.600000000008,
    "pct2ResTime" : 17195.85,
    "pct3ResTime" : 20018.59999999999,
    "throughput" : 216.54395842355999,
    "receivedKBytesPerSec" : 188.89891837984516,
    "sentKBytesPerSec" : 71.79288670014076
  },
  "get booking" : {
    "transaction" : "get booking",
    "sampleCount" : 2000,
    "errorCount" : 0,
    "errorPct" : 0.0,
    "meanResTime" : 459.1044999999995,
    "medianResTime" : 329.0,
    "minResTime" : 268.0,
    "maxResTime" : 5193.0,
    "pct1ResTime" : 526.9000000000001,
    "pct2ResTime" : 1395.8999999999996,
    "pct3ResTime" : 2786.88,
    "throughput" : 66.51147322913202,
    "receivedKBytesPerSec" : 59.809143249085466,
    "sentKBytesPerSec" : 12.113207204023944
  }
}