{
  "create token" : {
    "transaction" : "create token",
    "sampleCount" : 160,
    "errorCount" : 0,
    "errorPct" : 0.0,
    "meanResTime" : 3141.0875000000005,
    "medianResTime" : 3557.5,
    "minResTime" : 1333.0,
    "maxResTime" : 4804.0,
    "pct1ResTime" : 4106.4,
    "pct2ResTime" : 4155.0,
    "pct3ResTime" : 4436.169999999992,
    "throughput" : 33.30557868442964,
    "receivedKBytesPerSec" : 25.334519410907575,
    "sentKBytesPerSec" : 8.293869691923396
  },
  "create booking" : {
    "transaction" : "create booking",
    "sampleCount" : 160,
    "errorCount" : 0,
    "errorPct" : 0.0,
    "meanResTime" : 313.41874999999993,
    "medianResTime" : 312.5,
    "minResTime" : 297.0,
    "maxResTime" : 395.0,
    "pct1ResTime" : 321.9,
    "pct2ResTime" : 327.9,
    "pct3ResTime" : 356.56999999999914,
    "throughput" : 52.84015852047556,
    "receivedKBytesPerSec" : 49.015181225231174,
    "sentKBytesPerSec" : 23.323976221928664
  },
  "update booking" : {
    "transaction" : "update booking",
    "sampleCount" : 160,
    "errorCount" : 0,
    "errorPct" : 0.0,
    "meanResTime" : 334.9937500000002,
    "medianResTime" : 327.5,
    "minResTime" : 298.0,
    "maxResTime" : 395.0,
    "pct1ResTime" : 380.70000000000005,
    "pct2ResTime" : 388.0,
    "pct3ResTime" : 395.0,
    "throughput" : 52.13424568263278,
    "receivedKBytesPerSec" : 46.97555188986641,
    "sentKBytesPerSec" : 23.674242424242426
  },
  "Total" : {
    "transaction" : "Total",
    "sampleCount" : 640,
    "errorCount" : 0,
    "errorPct" : 0.0,
    "meanResTime" : 1027.765625,
    "medianResTime" : 323.0,
    "minResTime" : 297.0,
    "maxResTime" : 4804.0,
    "pct1ResTime" : 3734.9,
    "pct2ResTime" : 4042.5999999999995,
    "pct3ResTime" : 4170.930000000001,
    "throughput" : 110.99549080818592,
    "receivedKBytesPerSec" : 96.79790474332293,
    "sentKBytesPerSec" : 36.82687304890739
  },
  "get booking" : {
    "transaction" : "get booking",
    "sampleCount" : 160,
    "errorCount" : 0,
    "errorPct" : 0.0,
    "meanResTime" : 321.56250000000006,
    "medianResTime" : 316.0,
    "minResTime" : 298.0,
    "maxResTime" : 357.0,
    "pct1ResTime" : 346.0,
    "pct2ResTime" : 353.84999999999997,
    "pct3ResTime" : 357.0,
    "throughput" : 52.44182235332678,
    "receivedKBytesPerSec" : 47.146427400852176,
    "sentKBytesPerSec" : 9.576778105539168
  }
}