{
  "create token" : {
    "transaction" : "create token",
    "sampleCount" : 199,
    "errorCount" : 0,
    "errorPct" : 0.0,
    "meanResTime" : 2854.497487437187,
    "medianResTime" : 2926.0,
    "minResTime" : 1171.0,
    "maxResTime" : 5375.0,
    "pct1ResTime" : 4096.0,
    "pct2ResTime" : 4257.0,
    "pct3ResTime" : 5320.0,
    "throughput" : 36.975102192493495,
    "receivedKBytesPerSec" : 28.053581382385733,
    "sentKBytesPerSec" : 9.207667049888517
  },
  "create booking" : {
    "transaction" : "create booking",
    "sampleCount" : 199,
    "errorCount" : 0,
    "errorPct" : 0.0,
    "meanResTime" : 288.64321608040206,
    "medianResTime" : 281.0,
    "minResTime" : 266.0,
    "maxResTime" : 1083.0,
    "pct1ResTime" : 305.0,
    "pct2ResTime" : 323.0,
    "pct3ResTime" : 353.0,
    "throughput" : 53.02424726885158,
    "receivedKBytesPerSec" : 49.07141994737543,
    "sentKBytesPerSec" : 23.405234146016518
  },
  "update booking" : {
    "transaction" : "update booking",
    "sampleCount" : 199,
    "errorCount" : 0,
    "errorPct" : 0.0,
    "meanResTime" : 311.13567839195974,
    "medianResTime" : 294.0,
    "minResTime" : 272.0,
    "maxResTime" : 416.0,
    "pct1ResTime" : 401.0,
    "pct2ResTime" : 408.0,
    "pct3ResTime" : 414.0,
    "throughput" : 52.813163481953296,
    "receivedKBytesPerSec" : 47.38686596005839,
    "sentKBytesPerSec" : 23.982540057722932
  },
  "Total" : {
    "transaction" : "Total",
    "sampleCount" : 796,
    "errorCount" : 0,
    "errorPct" : 0.0,
    "meanResTime" : 943.3655778894494,
    "medianResTime" : 296.0,
    "minResTime" : 266.0,
    "maxResTime" : 5375.0,
    "pct1ResTime" : 3174.4000000000005,
    "pct2ResTime" : 3803.3,
    "pct3ResTime" : 4267.789999999997,
    "throughput" : 127.8304159306247,
    "receivedKBytesPerSec" : 111.08786584631443,
    "sentKBytesPerSec" : 42.41248419182592
  },
  "get booking" : {
    "transaction" : "get booking",
    "sampleCount" : 199,
    "errorCount" : 0,
    "errorPct" : 0.0,
    "meanResTime" : 319.18592964824126,
    "medianResTime" : 288.0,
    "minResTime" : 267.0,
    "maxResTime" : 1117.0,
    "pct1ResTime" : 333.0,
    "pct2ResTime" : 382.0,
    "pct3ResTime" : 1113.0,
    "throughput" : 52.89739500265816,
    "receivedKBytesPerSec" : 47.326160453216374,
    "sentKBytesPerSec" : 9.659973501461987
  }
}